term,estimate,std.error,statistic,p.value,significant_flag
(Intercept),111409.26358000428,3120.180417306473,35.706032562110444,3.230544762540537e-98,Reject Null
RegionMidwestern,-12124.433659168724,2367.2804334776947,-5.121671893074836,6.201432454345789e-7,Reject Null
RegionNortheastern,-5518.256321569205,2446.663508560753,-2.255421026332842,0.02500461573045428,Reject Null
RegionSouthern,-10161.08455459467,2377.4328726902686,-4.273973272312221,2.7671806361951163e-5,Reject Null
RegionWestern,-12444.151023480408,2580.2048738065855,-4.822931368671321,2.508662151183338e-6,Reject Null
School_TypeIvy League,14233.992741564914,4405.577800674954,3.230902593386094,0.0014060238340405586,Reject Null
School_TypeLiberal Arts,-15378.997797755444,2933.2739766170275,-5.242946250623403,3.454715424705713e-7,Reject Null
School_TypeParty,-17260.834343734034,3405.158776178988,-5.069024817427996,7.969351981729377e-7,Reject Null
School_TypeState,-23670.19798753177,2650.457386439718,-8.930608772898347,1.1129414493297367e-16,Reject Null
