term,estimate,std.error,statistic,p.value,significant_flag
RegionCalifornia,63414.868422142135,1308.1217796760252,48.47780184337862,2.5230554680763263e-125,Reject Null
RegionMidwestern,57705.37074138764,1195.149953962394,48.28295441092689,6.024861728606937e-125,Reject Null
RegionNortheastern,59830.87482341121,1080.3805972801458,55.379442183648266,5.785938307421297e-138,Reject Null
RegionSouthern,57810.15022387696,1185.1994742190316,48.77672618102539,6.674135505631512e-126,Reject Null
RegionWestern,57625.59879530441,1247.5341451737804,46.19160046098555,8.265898128136701e-121,Reject Null
School_TypeIvy League,644.1251765887973,1875.742672656376,0.34339741051825873,0.7316026545462763,Cannot Reject Null
School_TypeLiberal Arts,-13450.6220052223,1204.7312490353222,-11.164832003812274,1.4956446225273738e-23,Reject Null
School_TypeParty,-12648.31135579384,1446.3309146216097,-8.745101987329711,4.115052268886679e-16,Reject Null
School_TypeState,-14523.870001256037,1107.1721616826972,-13.117986979714553,6.0310332688749245e-30,Reject Null
