term,df,sumsq,meansq,statistic,p.value
School_Type,4,69060033230.72182,17265008307.680454,63.045026424676806,4.944726722071174e-37
Residuals,256,70106119029.81456,273852027.4602131,NA,NA
