term,df,sumsq,meansq,statistic,p.value
Region,4,5318272586.510483,1329568146.6276207,12.527446020882975,2.4336688673149056e-9
Residuals,262,27806693705.624447,106132418.72375743,NA,NA
