term,df,sumsq,meansq,statistic,p.value
Region,4,5763880343.786967,1440970085.9467418,13.095959770931595,9.672103107832606e-10
Residuals,263,28938324432.332485,110031651.83396383,NA,NA
