term,df,sumsq,meansq,statistic,p.value
Region,4,2195037216.0087886,548759304.0021971,8.714865576926197,1.1872119211569946e-6
Residuals,287,18071870283.991226,62968189.14282657,NA,NA
