term,df,sumsq,meansq,statistic,p.value
School_Type,4,7354715191.8274145,1838678797.9568536,40.954044607772595,9.101830375144392e-26
Residuals,225,10101633025.563883,44896146.78028392,NA,NA
