term,df,sumsq,meansq,statistic,p.value
Region,4,34675567079.19678,8668891769.799194,21.427112109288654,2.5887271410765315e-15
Residuals,263,106403444562.5943,404575834.83876157,NA,NA
