term,df,sumsq,meansq,statistic,p.value
School_Type,4,69684234903.93259,17421058725.983147,64.17470092744178,8.357249451818504e-38
Residuals,263,71394776737.85884,271463029.4215165,NA,NA
