term,df,sumsq,meansq,statistic,p.value
School_Type,4,25008061927.105152,6252015481.776288,54.69535119987904,1.6319248240300677e-33
Residuals,263,30062519677.37251,114306158.46909699,NA,NA
