term,df,sumsq,meansq,statistic,p.value
School_Type,4,25008061927.105095,6252015481.776274,54.6932044077306,1.635719823679455e-33
Residuals,263,30063699677.372524,114310645.16111226,NA,NA
