term,df,sumsq,meansq,statistic,p.value
Region,4,77553589743.21436,19388397435.80359,21.691369808265982,3.751510215907332e-15
Residuals,225,201111753735.04636,893830016.600206,NA,NA
