term,df,sumsq,meansq,statistic,p.value
School_Type,4,135334864966.47964,33833716241.61991,57.32043670377456,4.8945028138006347e-33
Residuals,219,129266004988.87752,590255730.5428197,NA,NA
