term,df,sumsq,meansq,statistic,p.value
Region,4,35341364666.9311,8835341166.732775,21.78523444263615,1.7352021019599102e-15
Residuals,256,103824787593.6052,405565576.5375203,NA,NA
