term,df,sumsq,meansq,statistic,p.value
Region,4,2195037216.0087914,548759304.0021979,8.714865576926215,1.187211921156965e-6
Residuals,287,18071870283.99121,62968189.14282652,NA,NA
