term,df,sumsq,meansq,statistic,p.value
School_Type,4,135334864966.47949,33833716241.619873,57.320436703774554,4.8945028138006347e-33
Residuals,219,129266004988.87738,590255730.5428191,NA,NA
