term,df,sumsq,meansq,statistic,p.value
Region,4,5916960752.784052,1479240188.196013,12.69492767101589,1.2467758073093815e-9
Residuals,335,39034918188.39242,116522143.84594752,NA,NA
