term,df,sumsq,meansq,statistic,p.value
Region,4,2819108649.1593947,704777162.2898487,10.83365895434141,4.753146131882831e-8
Residuals,225,14637239568.231903,65054398.08103068,NA,NA
