term,df,sumsq,meansq,statistic,p.value
Region,4,5916960752.784095,1479240188.1960237,12.69492767101598,1.246775807309182e-9
Residuals,335,39034918188.392426,116522143.84594753,NA,NA
