term,df,sumsq,meansq,statistic,p.value
School_Type,4,13966087510.068056,3491521877.517014,47.74698677908587,3.9820051945902765e-30
Residuals,262,19158878782.06691,73125491.53460653,NA,NA
