term,df,sumsq,meansq,statistic,p.value
Region,4,12779173105.373165,3194793276.3432913,19.867089281992715,2.6308471241482075e-14
Residuals,263,42292588499.104416,160808321.2893704,NA,NA
