term,df,sumsq,meansq,statistic,p.value
School_Type,4,25008061927.105038,6252015481.776259,54.693204407730455,1.6357198236797114e-33
Residuals,263,30063699677.372536,114310645.16111231,NA,NA
