term,df,sumsq,meansq,statistic,p.value
Region,4,60541931196.39598,15135482799.098995,13.880919959353065,2.3060584792806264e-10
Residuals,287,312939169454.289,1090380381.3738294,NA,NA
