term,df,sumsq,meansq,statistic,p.value
School_Type,4,15204731529.766808,3801182882.441702,51.273879720244516,6.96974314198018e-32
Residuals,263,19497473246.35258,74134879.26369803,NA,NA
