term,df,sumsq,meansq,statistic,p.value
School_Type,4,139923421109.84027,34980855277.46007,56.72901386307996,4.8541697758434636e-33
Residuals,225,138741922368.42093,616630766.0818708,NA,NA
