term,df,sumsq,meansq,statistic,p.value
School_Type,4,15204731529.766768,3801182882.441692,51.27387972024426,6.96974314198236e-32
Residuals,263,19497473246.352627,74134879.2636982,NA,NA
