term,df,sumsq,meansq,statistic,p.value
School_Type,4,69684234903.93224,17421058725.98306,64.17470092744142,8.357249451821474e-38
Residuals,263,71394776737.85887,271463029.4215166,NA,NA
