term,df,sumsq,meansq,statistic,p.value
Region,4,2489725359.147847,622431339.7869618,10.139545712679382,1.5061009175241175e-7
Residuals,219,13443646024.780727,61386511.52867912,NA,NA
