term,df,sumsq,meansq,statistic,p.value
Region,4,12825236779.152987,3206309194.7882466,17.380637127737582,5.703286611677728e-13
Residuals,335,61799436485.55298,184475929.80762082,NA,NA
