term,df,sumsq,meansq,statistic,p.value
School_Type,4,6957167219.22689,1739291804.8067224,42.434964519919845,2.5089427344496568e-26
Residuals,219,8976204164.701674,40987233.62877476,NA,NA
