term,df,sumsq,meansq,statistic,p.value
School_Type,4,15204731529.766827,3801182882.4417067,51.27387972024448,6.969743141980478e-32
Residuals,263,19497473246.35262,74134879.26369818,NA,NA
