term,df,sumsq,meansq,statistic,p.value
Region,4,33494122804.013256,8373530701.003314,18.284721231639633,1.3373887523345065e-13
Residuals,335,153414030725.39856,457952330.5235778,NA,NA
