term,df,sumsq,meansq,statistic,p.value
Region,4,12825236779.152895,3206309194.7882237,17.38063712773746,5.703286611678905e-13
Residuals,335,61799436485.55296,184475929.8076208,NA,NA
