term,df,sumsq,meansq,statistic,p.value
School_Type,4,69684234903.93217,17421058725.983044,64.17470092744139,8.357249451821474e-38
Residuals,263,71394776737.85884,271463029.4215165,NA,NA
