term,df,sumsq,meansq,statistic,p.value
Region,4,12775996591.980284,3193999147.995071,19.861213336754396,2.6541147018898537e-14
Residuals,263,42294585012.497284,160815912.5950467,NA,NA
