term,df,sumsq,meansq,statistic,p.value
School_Type,4,6957167219.226878,1739291804.8067195,42.434964519919674,2.5089427344500672e-26
Residuals,219,8976204164.701694,40987233.62877486,NA,NA
