term,df,sumsq,meansq,statistic,p.value
Region,4,60541931196.39612,15135482799.09903,13.880919959353088,2.3060584792805279e-10
Residuals,287,312939169454.28925,1090380381.37383,NA,NA
