term,df,sumsq,meansq,statistic,p.value
Region,4,33494122804.013424,8373530701.003356,18.284721231639747,1.3373887523342687e-13
Residuals,335,153414030725.39838,457952330.5235773,NA,NA
