term,df,sumsq,meansq,statistic,p.value
Region,4,72394093264.70587,18098523316.176468,20.621419673572987,1.9485609550755212e-14
Residuals,219,192206776690.65128,877656514.569184,NA,NA
