Salary_Type,F_Statistic,P_Value
Starting_Median_Salary,12.0963173426893,3.3981121818333777e-9
Mid_Career_Median_Salary,17.38063712773746,5.703286611678905e-13
Mid_Career_10th_Percentile_Salary,8.714865576926197,1.1872119211569946e-6
Mid_Career_25th_Percentile_Salary,12.69492767101589,1.2467758073093815e-9
Mid_Career_50th_Percentile_Salary,17.38063712773746,5.703286611678905e-13
Mid_Career_75th_Percentile_Salary,18.284721231639633,1.3373887523345065e-13
Mid_Career_90th_Percentile_Salary,13.880919959353065,2.3060584792806264e-10
