Salary_Type,F_Statistic,P_Value
Starting_Median_Salary,12.0963173426894,3.398112181832809e-9
Mid_Career_Median_Salary,17.380637127737582,5.703286611677728e-13
Mid_Career_10th_Percentile_Salary,8.714865576926215,1.187211921156965e-6
Mid_Career_25th_Percentile_Salary,12.69492767101598,1.246775807309182e-9
Mid_Career_50th_Percentile_Salary,17.380637127737582,5.703286611677728e-13
Mid_Career_75th_Percentile_Salary,18.284721231639747,1.3373887523342687e-13
Mid_Career_90th_Percentile_Salary,13.880919959353088,2.3060584792805279e-10
