Salary_Type,F_Statistic,P_Value
Starting_Median_Salary,13.369620279309224,6.234456483303894e-10
Mid_Career_Median_Salary,19.861213336754396,2.6541147018898537e-14
Mid_Career_10th_Percentile_Salary,10.83365895434141,4.753146131882831e-8
Mid_Career_25th_Percentile_Salary,13.095959770931595,9.672103107832606e-10
Mid_Career_50th_Percentile_Salary,19.861213336754396,2.6541147018898537e-14
Mid_Career_75th_Percentile_Salary,21.427112109288654,2.5887271410765315e-15
Mid_Career_90th_Percentile_Salary,21.691369808265982,3.751510215907332e-15
