Salary_Type,F_Statistic,P_Value
Starting_Median_Salary,13.369620279309292,6.234456483303184e-10
Mid_Career_Median_Salary,19.867089281992715,2.6308471241482075e-14
Mid_Career_10th_Percentile_Salary,10.139545712679382,1.5061009175241175e-7
Mid_Career_25th_Percentile_Salary,12.527446020882975,2.4336688673149056e-9
Mid_Career_50th_Percentile_Salary,19.867089281992715,2.6308471241482075e-14
Mid_Career_75th_Percentile_Salary,21.78523444263615,1.7352021019599102e-15
Mid_Career_90th_Percentile_Salary,20.621419673572987,1.9485609550755212e-14
