Salary_Type,F_Statistic,P_Value
Starting_Median_Salary,66.81119939042259,6.072879078760953e-39
Mid_Career_Median_Salary,54.69535119987904,1.6319248240300677e-33
Mid_Career_10th_Percentile_Salary,40.954044607772595,9.101830375144392e-26
Mid_Career_25th_Percentile_Salary,51.27387972024448,6.969743141980478e-32
Mid_Career_50th_Percentile_Salary,54.69535119987904,1.6319248240300677e-33
Mid_Career_75th_Percentile_Salary,64.17470092744178,8.357249451818504e-38
Mid_Career_90th_Percentile_Salary,56.72901386307996,4.8541697758434636e-33
