Salary_Type,F_Statistic,P_Value
Starting_Median_Salary,66.81119939042219,6.072879078763455e-39
Mid_Career_Median_Salary,54.693204407730455,1.6357198236797114e-33
Mid_Career_10th_Percentile_Salary,42.434964519919845,2.5089427344496568e-26
Mid_Career_25th_Percentile_Salary,47.74698677908587,3.9820051945902765e-30
Mid_Career_50th_Percentile_Salary,54.693204407730455,1.6357198236797114e-33
Mid_Career_75th_Percentile_Salary,63.045026424676806,4.944726722071174e-37
Mid_Career_90th_Percentile_Salary,57.320436703774554,4.8945028138006347e-33
