Salary_Type,F_Statistic,P_Value
Starting_Median_Salary,66.8111993904227,6.072879078760349e-39
Mid_Career_Median_Salary,54.6932044077306,1.635719823679455e-33
Mid_Career_10th_Percentile_Salary,42.434964519919674,2.5089427344500672e-26
Mid_Career_25th_Percentile_Salary,51.273879720244516,6.96974314198018e-32
Mid_Career_50th_Percentile_Salary,54.6932044077306,1.635719823679455e-33
Mid_Career_75th_Percentile_Salary,64.17470092744139,8.357249451821474e-38
Mid_Career_90th_Percentile_Salary,57.32043670377456,4.8945028138006347e-33
