Salary_Type,F_Statistic,P_Value
Starting_Median_Salary,66.81119939042219,6.072879078763455e-39
Mid_Career_Median_Salary,54.693204407730455,1.6357198236797114e-33
Mid_Career_10th_Percentile_Salary,42.434964519919845,2.5089427344496568e-26
Mid_Career_25th_Percentile_Salary,51.27387972024426,6.96974314198236e-32
Mid_Career_50th_Percentile_Salary,54.693204407730455,1.6357198236797114e-33
Mid_Career_75th_Percentile_Salary,64.17470092744142,8.357249451821474e-38
Mid_Career_90th_Percentile_Salary,57.320436703774554,4.8945028138006347e-33
