term,df,sumsq,meansq,statistic,p.value
Region,4,1796033148.9123187,449008287.2280797,12.0963173426893,3.3981121818333777e-9
Residuals,335,12435005792.264147,37119420.27541536,NA,NA
