term,df,sumsq,meansq,statistic,p.value
School_Type,4,5532164831.64925,1383041207.9123125,66.8111993904227,6.072879078760349e-39
Residuals,263,5444294384.768668,20700739.10558429,NA,NA
