term,df,sumsq,meansq,statistic,p.value
Region,4,1796033148.912337,449008287.22808427,12.0963173426894,3.398112181832809e-9
Residuals,335,12435005792.264172,37119420.275415435,NA,NA
