term,df,sumsq,meansq,statistic,p.value
Region,4,1854800253.2970912,463700063.3242728,13.369620279309292,6.234456483303184e-10
Residuals,263,9121658963.12084,34683113.92821612,NA,NA
