term,df,sumsq,meansq,statistic,p.value
Region,4,1854800253.2970827,463700063.32427067,13.369620279309224,6.234456483303894e-10
Residuals,263,9121658963.120844,34683113.92821614,NA,NA
