term,df,sumsq,meansq,statistic,p.value
School_Type,4,5532164831.64923,1383041207.9123075,66.81119939042219,6.072879078763455e-39
Residuals,263,5444294384.76869,20700739.10558437,NA,NA
