term,df,sumsq,meansq,statistic,p.value
School_Type,4,5532164831.64925,1383041207.9123125,66.81119939042259,6.072879078760953e-39
Residuals,263,5444294384.768678,20700739.105584327,NA,NA
